{"value_loss":0.20896530151367188,"action_attack_probability":1,"ratio":1.0000029802322388,"action_attack_enabled":true,"_timestamp":1.7448261308031964e+09,"approx_kl":3.107763646426065e-08,"returns":-68.80235290527344,"_wandb":{"runtime":2246},"entropy":1.020729660987854,"ratio_0":1,"_runtime":2245.753684417,"actor_loss":-0.010208992287516594,"env_step":19996672,"action_attack_type":"adversarial","total_loss":0.19875630736351013,"clip_frac":0,"_step":9764}