{"value_loss":0.2739516496658325,"ratio_0":1,"action_attack_enabled":true,"_timestamp":1.7448208050945303e+09,"action_attack_type":"adversarial","action_attack_probability":1,"_wandb":{"runtime":2294},"approx_kl":2.969453021250956e-07,"_runtime":2293.563769194,"_step":9764,"env_step":19996672,"returns":-41.60519027709961,"actor_loss":-0.004278725944459438,"ratio":1.000022292137146,"total_loss":0.2696729302406311,"entropy":0.42756837606430054,"clip_frac":0}