{"action_attack_enabled":true,"approx_kl":3.1143196110861027e-07,"clip_frac":0,"ratio":1.0000030994415283,"_runtime":2206.482317356,"action_attack_probability":0.5,"_timestamp":1.7448184743348641e+09,"_step":9764,"total_loss":0.44712066650390625,"env_step":19996672,"action_attack_type":"random","_wandb":{"runtime":2206},"returns":-50.98325729370117,"actor_loss":-0.004250016529113054,"value_loss":0.4513706564903259,"ratio_0":1,"entropy":0.4230477809906006}